payment_id,type_of_payment,payment_name,receipt_id
1,Check,Ronald Pflug,228
2,Cards,Marion Kirkpatrick,363
3,Cash,Jose Wells,264
4,Cards,Jane Reese,550
5,Cash,Guillermo Means,218
6,Cash,Corey Ortiz,460
7,Check,James Norris,634
8,Check,Steven Mcdaniel,380
9,Cards,Sina Phillips,567
10,Cash,Andrew Hernandez,546
11,Check,John Villa,582
12,Cards,Marjorie Teaff,840
13,Cards,Flora Akers,492
14,Check,Steve Baxter,878
15,GiftCards,Donna Hickey,271
16,Check,Peggy Westrick,981
17,Cards,Ruth Derry,505
18,Check,Gladys Williams,982
19,GiftCards,Lauren Newman,578
20,Cash,Thomas Cross,340
21,GiftCards,Celine Rye,770
22,Cash,Alison Clark,496
23,Cash,Francisco Rome,34
24,Check,Lucille Yager,566
25,Cards,Gladys Siegmund,842
26,Cash,Laura Lepak,999
27,Cash,Jennifer Spence,117
28,Check,Joseph Wassermann,611
29,Cash,Jake Cole,974
30,Cards,Odette Martinez,653
31,Check,Neil Dudley,933
32,Check,Minnie Sanchez,906
33,GiftCards,Paul Perez,174
34,GiftCards,Rosa Welch,90
35,GiftCards,Richard Abrams,669
36,GiftCards,Frank Burrell,654
37,Cash,Charles Walker,866
38,GiftCards,Lorraine Joosten,987
39,Cash,Daniel Vanduyn,194
40,Cash,Lana Laday,537
41,GiftCards,Lakeesha Clifford,718
42,Check,Kevin Holmes,809
43,Cards,Melisa Hunt,788
44,Cash,Florence Montoro,321
45,GiftCards,Loyd Edwards,343
46,GiftCards,Carolyn Peterson,610
47,Cash,Freddie Hughes,291
48,Cards,Emma Rabun,462
49,Cash,Samuel Leu,674
50,GiftCards,Thomas Mosher,304
51,Cash,Pat Dawkins,123
52,GiftCards,Sally Hobbs,227
53,Cash,Frank Fernandez,124
54,GiftCards,Lai Bornhorst,417
55,Cards,Kelvin Singer,807
56,Check,Genevieve Turnipseed,585
57,Check,Joyce Slagle,238
58,GiftCards,Betty Constantini,118
59,Cash,Helen Turner,390
60,Cash,Laura Hudson,246
61,Check,Irma Lowery,199
62,Cash,Amber Darling,491
63,Check,James Abston,612
64,Cash,Adelina Giguere,36
65,Cards,Tim Anderson,992
66,Check,Linda Henry,701
67,GiftCards,Ricardo Oconnell,179
68,Cards,Kimberely Yeung,240
69,Cards,Elizabeth Gonzalez,258
70,Check,Cecil Barbosa,249
71,GiftCards,Henriette Lusk,139
72,Check,Sylvia Webster,892
73,Cards,Charles Sanchez,587
74,Cash,Janet Rufe,748
75,GiftCards,Vernon Tuinstra,726
76,GiftCards,Candace Chesley,763
77,Cash,Alphonso Westberg,80
78,Cards,Katerine Cohen,913
79,Cards,Chris Singletary,370
80,Cash,Joyce Kim,98
81,Cash,Eileen Staelens,870
82,Cash,Mike Perry,208
83,Check,Kurt Manning,399
84,Check,Linda Jennings,78
85,GiftCards,Diamond Gibbs,47
86,GiftCards,Roberta Boyce,509
87,Cash,Richard Roberts,739
88,Check,Annie Pimentel,969
89,GiftCards,William Roth,428
90,Check,Robert Cheever,875
91,Cards,Lynn Smith,198
92,Check,Krystal Parks,388
93,Check,Jessica Luong,206
94,Cards,Rhonda Crosier,488
95,Cards,William Hirsch,772
96,Cards,Patrick Mauldin,857
97,Cash,Sylvia Ahearn,632
98,Cards,Mary Morris,650
99,Check,Luz Riggins,716
100,Cards,Larry Yoshizumi,234
101,Cash,Betty Baldwin,764
102,GiftCards,Carolyn Ellington,777
103,Check,Arlene Castro,419
104,Check,Lacy Craig,659
105,Cards,Raymond Cabrera,562
106,Cards,John Romano,778
107,Check,Daniel Fenner,997
108,GiftCards,Thomas Moreschi,345
109,Cash,Matthew Derentis,278
110,Cash,David Rehart,348
111,Check,Wilma Strahle,177
112,GiftCards,Vanessa Espinoza,947
113,Cash,Ruby Cunningham,745
114,Cash,Heather Roberts,75
115,Cards,Anthony Edgerly,900
116,GiftCards,Linda Townsend,381
117,Cash,Gary Watson,800
118,GiftCards,Joseph Spence,709
119,Cash,Cynthia Siler,630
120,Check,Lara Bristow,55
121,Check,Marlene Childs,334
122,Cash,Thomas Parrish,1000
123,Cards,Danica Burleson,126
124,Cash,Charlene Minier,970
125,Cards,Terry Valentino,740
126,Cash,James Shor,411
127,Check,Maira Foster,787
128,Check,Martha Brannon,693
129,GiftCards,Maggie House,128
130,Check,Joyce Poole,814
131,Cash,Nicholas Jackson,87
132,Cash,Robert Hills,717
133,Cards,Kimberley Childers,105
134,Check,Amos Bahner,89
135,Cash,Victoria Peters,86
136,GiftCards,June Shelpman,835
137,Cards,Donald Baker,77
138,Check,Elizabeth Shane,531
139,Cards,Barry Huggins,130
140,Cards,David Smith,82
141,Check,Lynn Montague,848
142,Cards,Iva Schaffner,675
143,Check,Ralph Amado,19
144,Cards,Patricia May,810
145,Cards,Adam Gillies,979
146,GiftCards,Kimberly Johnson,560
147,Check,Francine Duey,663
148,Check,Jose Berson,114
149,Check,Cathi Martinez,966
150,Cash,Jane Verdugo,927
151,Cash,David Wigfall,635
152,Cards,Ada Martinez,440
153,Cards,Clifton Shapiro,347
154,GiftCards,Evelyn Cheng,94
155,GiftCards,Mark Johnston,210
156,GiftCards,Denise Morman,623
157,Cards,Matthew Shafer,986
158,Cash,Aida Taylor,819
159,Cards,Cesar Cisneros,689
160,Check,Devon Wilke,163
161,Cards,Mildred Rogers,406
162,Check,Lonnie Odonnell,231
163,Cash,Faye Patterson,501
164,Cards,Brittany Bell,942
165,Check,Bertha Craig,885
166,Check,John Powell,884
167,Cash,Susan Powe,958
168,Cash,Donald Wong,638
169,Cash,Douglas Looney,382
170,GiftCards,Julius Latus,571
171,Check,Caryn Brown,151
172,Cards,Jason Furtado,472
173,Cards,Harry Ashford,22
174,Cash,Shante Harmon,902
175,Check,Thomas Moher,220
176,Check,Yvonne Peters,879
177,Check,Chad Dicarlo,880
178,Check,Frederick Lanham,856
179,GiftCards,Nellie Baldrige,620
180,GiftCards,Willie Culberson,259
181,Cards,Carl Harriss,349
182,Cash,Ronny Ricci,426
183,Cards,Rufina Hubbard,354
184,GiftCards,Cary Robinson,50
185,Check,Ryan Urbancic,465
186,Cards,Sean Orielly,858
187,GiftCards,Jessica Hedrick,479
188,Cards,Afton Palmer,595
189,Check,Harold Sears,455
190,Cash,Sue Robles,771
191,Cash,Gerald Black,268
192,Cards,Christopher Thomas,150
193,Check,Ray Thompson,583
194,Cards,Kelly Dobkin,616
195,Cash,Colton Etter,112
196,GiftCards,Catherine Culver,563
197,Cards,Robert Odonnell,988
198,Cash,Dollie Morgan,302
199,Cards,Kathy Jackson,964
200,Check,Justin Stark,74
201,Check,James Nugent,422
202,Cash,John Wilson,316
203,Cash,Wanda Nelson,116
204,Check,William Colvin,383
205,Cards,Kelly Perry,3
206,Cards,Arthur Mckeehan,507
207,Check,Mary Powell,811
208,GiftCards,Dale Forbes,232
209,Check,Christina Titsworth,881
210,Cash,Annette Dulaney,990
211,Check,Carlos Kemp,260
212,Check,Jeffrey Mckinney,432
213,Cash,Bernice Calliste,523
214,Cash,Lynn Ippolito,724
215,Check,James Adams,276
216,GiftCards,Kenneth Guadian,387
217,Cash,Peter Azulay,398
218,GiftCards,Steven Bradley,791
219,Check,Donald Coleman,899
220,Cards,Jeanette Stillwell,946
221,GiftCards,Mario Brown,108
222,GiftCards,Jean Anderson,7
223,Check,Eric Gonzalez,166
224,GiftCards,Debra Duarte,16
225,Check,Timothy Ware,282
226,Cards,Kimberly Gist,32
227,Cards,Joanne Hall,283
228,Cash,Lucille Myers,279
229,Check,John White,853
230,Cash,Rosetta Keenan,305
231,Check,Rene Paige,952
232,GiftCards,Alan Smith,599
233,Cash,Marci Rustrian,672
234,Cash,Jose Walker,24
235,Cash,Ella Pitts,615
236,Cash,Gwyneth Light,4
237,GiftCards,Juan Ward,51
238,Check,Sarah Mezzatesta,530
239,Cards,Kevin White,727
240,Check,Carla Mccloud,868
241,Cards,Michael Hogg,223
242,Cash,Mike Rooney,296
243,Cash,Heather Smith,504
244,Cards,Peggy Stewart,687
245,Cash,Marlene Salo,757
246,Cash,Karen Keefer,945
247,Check,Wilma Robinson,907
248,Cash,Henry Moody,434
249,Cards,Colleen Livley,759
250,Check,Patricia Santos,939
251,Cash,Calvin Mesta,365
252,Check,Jennifer Haubrich,808
253,Cards,Jack Dillow,849
254,Check,Donna Britt,56
255,GiftCards,Hugh Austin,915
256,Cash,Maurice Sorensen,640
257,Cards,Jose Rodgers,42
258,Cash,Tyson Harrison,311
259,Check,Scott Archer,767
260,Cards,William Warren,586
261,Cash,Angelica Adams,221
262,Cards,Marc Phillips,733
263,Cards,John Miller,591
264,GiftCards,Elizabeth Via,569
265,Check,Leon Clark,804
266,Cards,Ruth Dorn,308
267,GiftCards,Hilda Ortiz,753
268,Cards,Lena Martinez,609
269,Cash,Mary Phelps,143
270,Check,Agatha Haskins,828
271,Cards,Damien Leroux,111
272,GiftCards,Paul Misfeldt,644
273,Check,Christopher Mimaki,203
274,Cash,Sharon Luna,312
275,Check,Margeret Hamm,423
276,Check,Rosalia Field,392
277,Cash,Tasia Clark,46
278,Cards,Miriam Pride,327
279,Check,Sadie Mccormick,168
280,GiftCards,Roger Bernardi,68
281,GiftCards,Robert Riggs,241
282,GiftCards,Janice Chester,181
283,Cards,Maureen Leon,743
284,Check,Mary Bulloch,461
285,Cards,Nettie Ralph,597
286,Cards,Miriam Rich,954
287,Check,Mary Olivas,682
288,Check,Lee Bierman,761
289,Cards,Fanny Erbst,556
290,Check,Daisy Lamison,592
291,Cards,Jeanne Pena,774
292,Cash,Ofelia Goard,269
293,Check,George Fritsch,299
294,Check,John Davis,977
295,Cards,Christine Castilla,961
296,Check,Mary Gideon,841
297,Cards,Lauren Chase,420
298,GiftCards,Anne Ray,832
299,Check,Amy Li,536
300,Check,Carey Alvarez,197
301,GiftCards,Jean Schmidt,149
302,GiftCards,Gilbert Boers,831
303,Cash,Howard Gutierrez,294
304,Check,Thomas Liles,290
305,Check,Jodie Basta,558
306,Cards,Julia Eaton,237
307,Cards,Heather Shropshire,394
308,Cards,Ty Read,303
309,Cash,Henrietta Harper,520
310,Cash,Mayra Blair,376
311,Check,William Whiteman,13
312,Check,Amber Gaudreau,762
313,Cards,Stacey Thompson,317
314,Check,Robert Chesser,941
315,GiftCards,Michael Waterman,18
316,GiftCards,Henry Miller,378
317,Cash,James Powell,79
318,Check,Stanley Music,967
319,GiftCards,David Kwiecien,201
320,Check,Tiffany Jamerson,371
321,Cards,Pablo Ryland,937
322,Check,Dana Thacker,152
323,GiftCards,Juan Lewis,83
324,GiftCards,Alma Woodward,555
325,Cash,David Potter,737
326,GiftCards,Cassondra Ross,751
327,Cards,Kevin Moreno,758
328,Cards,Gregory Hand,391
329,GiftCards,Marissa Mclemore,628
330,Check,Tabatha Demers,518
331,Cards,Herbert Hall,983
332,GiftCards,Kathleen Hinton,486
333,GiftCards,Elizabeth Rickards,629
334,Cards,Sam Thompson,633
335,Cards,Jay Northover,732
336,GiftCards,Barbara Upham,41
337,Cash,John Capps,27
338,Cash,Rodney Young,606
339,Cash,Robert Cline,142
340,Cash,Ernest Galindo,834
341,GiftCards,Mary Drury,338
342,Check,Georgia Sullivan,818
343,Cash,Andrew Lewis,71
344,Check,Ignacio Haycraft,617
345,Cash,Jason Keener,100
346,Check,Doris Chandler,447
347,Cards,Eddie Filgo,676
348,Cash,Many Wiseman,837
349,GiftCards,Danielle Miller,360
350,Cards,William Shook,358
351,GiftCards,Sydney Taegel,951
352,Check,Delfina Walsh,526
353,Cards,Helen Wilson,931
354,Cards,Barbara Renard,786
355,Check,Dennis Clark,565
356,GiftCards,Douglas Sandate,20
357,Cards,Laurence Ruiz,9
358,GiftCards,Alfonso Jackson,725
359,GiftCards,Sarah Helton,97
360,Cash,Neville Esparza,446
361,Check,Kenneth Abdullah,797
362,GiftCards,Laura Davis,916
363,Cash,Jose Slade,655
364,Cash,Ella Guerrero,861
365,Cards,Rafael Chatman,519
366,GiftCards,Leroy Zuchelkowski,84
367,GiftCards,Teresa Long,889
368,Cash,Charles Banks,430
369,GiftCards,Brian Tyler,779
370,Cash,Ronald Camargo,188
371,Check,Lillian Marshall,713
372,Cash,Benjamin Lanier,668
373,Cash,Carlos Baldwin,802
374,Cards,Gloria Cross,318
375,GiftCards,William Milliken,643
376,Cards,Sonia Hardy,600
377,Cash,Adelina Tucker,854
378,GiftCards,Melissa Lupo,72
379,Check,Gerald Moore,528
380,Check,Linda Carnillo,581
381,Cards,Maria Wasson,445
382,Check,Walter Ortiz,48
383,Check,Dennis Megginson,289
384,GiftCards,Troy Prewett,284
385,Check,Linda Flynn,670
386,Cards,James Kadi,613
387,Cash,Matthew Garcia,844
388,Cash,James Zaldana,572
389,Check,Michael Colbert,517
390,Cards,Thomas Tibbs,495
391,Cards,Donita Monday,425
392,Cash,Harold Flint,905
393,Cash,Richard Boyer,894
394,Cards,Jesus Brasher,661
395,Cards,Frederick Kinder,169
396,Check,Florence Poole,189
397,Cards,Paul Barnette,989
398,Cash,Jorge Schriner,780
399,GiftCards,Joseph Violette,385
400,Cards,Desiree Morgan,92
401,Cash,Theresa Hannah,554
402,GiftCards,Anthony Springer,160
403,Cards,Geneva Gray,766
404,Cards,Velma Elkins,88
405,Check,Paul Martino,944
406,GiftCards,George Perea,38
407,GiftCards,Bill Hood,760
408,GiftCards,Earl Gonzales,362
409,GiftCards,Cami Venable,451
410,GiftCards,Amanda Roller,746
411,GiftCards,Michael Needham,973
412,Check,Theresa Williams,698
413,Cash,Danny Davis,8
414,GiftCards,Quinn Hill,396
415,Check,Robert Antoine,783
416,GiftCards,Shane Thrasher,924
417,GiftCards,Julia Gillon,439
418,GiftCards,Marie Booth,466
419,Cards,Barbara Lindsey,175
420,Cards,Joy Merrick,106
421,Cards,Margaret Smith,568
422,Cards,Orville Arroyo,921
423,Cards,Patricia Herbert,664
424,Cards,Tina Seawood,137
425,Cash,Blanche Scott,250
426,Cash,Scott Fisher,427
427,Check,Jeffrey Vannostrand,627
428,Check,Dawn Garcia,95
429,GiftCards,Susan Chee,63
430,Check,Rebecca Lietzke,262
431,Check,Fanny Lugo,703
432,Cash,Timothy Warren,877
433,GiftCards,Claude Anderson,570
434,GiftCards,Mary Richardson,454
435,GiftCards,Gerald Barrett,896
436,Cash,Janet Carlin,272
437,Cash,James Fleming,45
438,Check,Muriel Reed,646
439,GiftCards,Margaret Thomas,614
440,Check,Kristen Duke,956
441,Cards,Leatha Miller,769
442,Check,Dawn Sterling,15
443,GiftCards,Tony Jacobs,524
444,Cash,Judith Robbins,502
445,Check,Terrance Ellett,817
446,Cash,Robert Wise,720
447,GiftCards,Robert Joyce,677
448,Cash,Norma Moss,622
449,Cards,Michael Olivo,839
450,Check,Keith Koons,820
451,Cards,Kristen Smith,843
452,Cash,Sean Isaacs,618
453,GiftCards,Jack Willick,242
454,Cash,Dawn Pope,386
455,GiftCards,Michael Hancock,782
456,Cash,Shawn Paradis,129
457,Check,Carol Biancuzzo,270
458,Check,Juan Keirn,245
459,Check,Barbara Rosado,975
460,Check,John Jordan,539
461,Cards,Evelyn Nale,146
462,Check,Monica Walton,298
463,GiftCards,Dustin Bartkowski,267
464,Cards,Brent Lafoe,81
465,Check,Rodney Polito,444
466,GiftCards,Margaret Jones,113
467,Cash,Kevin Lovig,474
468,Cards,Teisha Delorenzo,351
469,Cards,Benny Sanders,120
470,Cards,Elizabeth Collins,193
471,Cash,Jose Ramos,66
472,Cash,Damon Lee,734
473,Check,Jack Delvalle,483
474,Cash,Gerald Robbins,891
475,Cards,Leslie Moore,159
476,Check,Alana Shuster,893
477,GiftCards,Donald Miles,52
478,Cash,Nell Carpenter,863
479,Cash,Dirk Christenson,295
480,Cash,Darrell Simpson,710
481,Cards,William Giannakopoulo,729
482,Cash,Ruby Oshita,529
483,GiftCards,Roberto Miller,830
484,GiftCards,Elmer Oldfather,301
485,Check,Angela Goins,736
486,Check,Steven Hibbler,822
487,Cash,Freddie Cornell,102
488,Cash,Thomas Zook,448
489,Check,William Walden,372
490,Cards,Anna Cheramie,361
491,Check,Robert Thrash,196
492,Check,Jaquelyn Moeller,823
493,Check,Valerie Brown,574
494,GiftCards,Willie Buker,213
495,Check,Mitchell Kruckenberg,212
496,Cash,Ray Hobson,584
497,GiftCards,James Jaramillo,755
498,Cards,James Varner,157
499,Check,Rudy Torres,325
500,Cards,Jennifer Nichols,186
501,Cash,Michael Harrington,127
502,Cash,Michael Johnson,273
503,Cards,Johnnie Manuel,176
504,GiftCards,Teddy Kim,266
505,Cash,Suk Kerr,688
506,Cash,Doris Kelcourse,692
507,GiftCards,Sylvia Wessels,342
508,GiftCards,William Collins,522
509,GiftCards,Robyn Brace,133
510,Check,John Parenteau,254
511,Check,Joel Pappan,456
512,Check,Mark Dahle,255
513,GiftCards,Murray Kim,625
514,Check,Darnell Reyes,890
515,Check,Margarete Coleman,323
516,Cards,Barbara Sims,344
517,Check,David Delacruz,43
518,Check,Johnnie Hill,898
519,Cash,Danny Miller,134
520,Cards,Sabrina Medlock,35
521,Check,James Reynolds,607
522,Cash,Kent Savage,453
523,Check,Lester Pippins,645
524,Cards,Annice Gallinari,781
525,GiftCards,Leta Niebuhr,452
526,Cards,Lydia Brothers,320
527,Cards,Jodie Johnson,356
528,GiftCards,Stephen Echols,493
529,GiftCards,Jean Wood,121
530,Check,James Fraley,69
531,Cash,Stephanie Dixon,962
532,GiftCards,Allison Kindt,101
533,Cash,Deanna Watson,575
534,GiftCards,Stefania Tanner,642
535,Cards,Scott Gray,21
536,Check,Andrea Richards,265
537,Check,Veronica Welch,768
538,Cash,Linda Baxter,230
539,Cash,Charles Buckner,972
540,Cards,Lindsey Morris,405
541,GiftCards,William Morgen,596
542,Cards,Eric Millard,331
543,Check,Charles Watson,525
544,Check,Sadie Marker,953
545,Cash,Katherine Broyles,694
546,Cards,Michael Wilson,648
547,Cash,Ken Deardorff,214
548,Cards,Judy Angelilli,40
549,Cards,Willie Caplan,62
550,GiftCards,Robert Vasta,330
551,GiftCards,Scott Hall,164
552,Cards,Carla Wedgeworth,457
553,Cards,James Banda,544
554,Cards,Josh Asquith,429
555,Cards,Jonathan Georgi,838
556,Cash,Lewis Younger,626
557,Cash,Paula Austin,715
558,Cards,Michael Pierre,441
559,Cash,Esther Swallow,202
560,GiftCards,Erica Harris,938
561,GiftCards,Lee Cobbley,957
562,GiftCards,Terrell Wright,136
563,Cash,Ramona Williams,216
564,Cards,Darryl Goldhirsh,652
565,Cash,Juana Flores,184
566,Cash,Robert Gaier,796
567,Cards,Rosalinda Thao,475
568,Check,Rosario Spina,619
569,Cards,Deloris Endo,403
570,Cash,Dorothy Matthews,402
571,Cards,Kathy Klein,205
572,Cash,Sharon Lively,855
573,Check,Bruce Madison,806
574,GiftCards,Kathryn Gotch,252
575,Cards,Doreen Lafromboise,978
576,Cash,Juan Miller,773
577,GiftCards,Jacqueline Wagner,705
578,Cards,Tracy Alvarez,649
579,Cash,Debbie Jaeger,395
580,Cards,Teresa Popham,352
581,Cards,Ronald Tidwell,458
582,Cards,Martha Forsythe,741
583,Cards,Bobby Moody,410
584,Cash,Joshua Martinez,314
585,GiftCards,Jennifer Jackson,852
586,Cards,Barbara Ley,33
587,Check,Priscilla Marshall,712
588,Cards,Frank Adams,754
589,GiftCards,Nancy Dunleavy,67
590,Cash,Bruce Mouton,775
591,Cards,Robert Weber,326
592,Cash,Marc Gene,756
593,Check,Ira Potts,263
594,Check,Penny Ikard,487
595,Check,Michael Darcangelo,109
596,Cards,Michael Hayhoe,468
597,Check,Trevor Long,980
598,Cards,Maureen Balkus,604
599,Check,Mario Dean,684
600,Cards,Becky Schmidt,914
601,Check,Jenae Mayer,548
602,Check,Ebony Williams,23
603,GiftCards,John Sniff,471
604,Cash,Michelle Meyer,226
605,Check,James Deguire,335
606,GiftCards,Jon Landor,513
607,Cash,Martha Oconnor,480
608,Check,Reginald Vitullo,180
609,GiftCards,Pamela Jones,211
610,GiftCards,Rita Toler,576
611,Check,John Nasers,515
612,Cards,Robert Orsini,557
613,GiftCards,Joseph Sammons,64
614,Cash,Phillip Holmes,647
615,Check,Rosemary Wray,867
616,Cards,Lindsey Bradley,605
617,Cards,Willie Duran,463
618,Cards,Joyce Balistreri,243
619,Check,Katherine Nichols,535
620,GiftCards,Lorraine Powers,826
621,Cards,Sandra Turner,26
622,Check,Charles Tidwell,49
623,Cash,Vincent Domingue,707
624,Check,Michelle Guerrero,846
625,GiftCards,Miles Collins,357
626,GiftCards,Lydia Graham,248
627,Cash,Kate Guttirez,919
628,Cash,Marry Thielman,721
629,Check,Michael Cromwell,145
630,GiftCards,Paul Stahl,191
631,Cards,Brendan Brown,911
632,Cards,Diane Gay,602
633,Check,Sandra Lucero,437
634,GiftCards,Michael Kindred,551
635,Cards,Darryl Diaz,673
636,Cash,Mary Blanco,699
637,Cash,Kimberly Wallace,122
638,Cards,Jodi Johns,573
639,Cash,Marilyn Cable,691
640,Check,Charles Duval,681
641,Cards,William Perkins,413
642,GiftCards,Peter Ryant,532
643,Cash,Gordon Smith,722
644,GiftCards,Mary Bell,930
645,Cards,Bryan Politte,224
646,Cash,Herman Mayle,119
647,Cash,Gerard Annas,306
648,GiftCards,Ivy Lawrence,545
649,Cards,Jennifer Pearson,697
650,GiftCards,Lynnette Hollins,497
651,Check,Jenny Buchholz,639
652,GiftCards,Lou Vosburg,601
653,Cards,Barbara Daley,61
654,Cards,Glenna Willis,514
655,Check,Maria Jensen,93
656,Check,Gina Carpenter,925
657,Cash,Emmanuel Morales,636
658,Cash,Michael Wong,414
659,Cards,Dianne Sawyer,706
660,Cash,Michael Bush,500
661,Cash,Michelle Godoy,985
662,Cards,Antone Niles,903
663,Cards,Agnes Treadway,765
664,Cards,Jose Oldham,125
665,Check,Lindsay Patel,917
666,Check,Rosemarie Dupre,219
667,Cards,Charles Rocha,173
668,Cards,Mathew Jenkins,815
669,GiftCards,Albert Ford,6
670,GiftCards,Erica Goulet,374
671,Cards,Thomas Henninger,538
672,Cards,Charles Williams,920
673,Cards,Peggy Campbell,485
674,Cash,Patsy Perry,375
675,Cards,Tiffany Hines,836
676,Cards,Stanley Wagner,313
677,Check,Herman Perry,882
678,Cash,Joseph Lopez,641
679,Cash,Andre Fowler,328
680,GiftCards,Stephanie Flatter,749
681,Check,Charles Jackson,790
682,GiftCards,Alta Kranz,115
683,Check,Dalia Sullivan,135
684,GiftCards,Quintin Mackey,170
685,Check,Richard Melroy,418
686,Cash,Barbara Chang,776
687,GiftCards,Pilar Ramos,662
688,GiftCards,John Fitzpatrick,359
689,Check,Brenda Maloy,261
690,GiftCards,Ardith Singer,824
691,Check,Jimmy Comer,165
692,Cards,Angie Wagoner,731
693,Cash,Brent Gibbs,256
694,Check,Kathy Enos,533
695,Cash,Thomas Rao,192
696,Check,Kelley Wessel,449
697,Cash,Ann Sanchez,281
698,Cards,Barry Jones,603
699,Cash,Paul Mayberry,665
700,Cash,Virginia Vazquez,637
701,Cards,Deloris Hamilton,929
702,Cards,Gayle Roth,799
703,Cards,Jennifer Ivory,993
704,GiftCards,Floyd Smith,309
705,Check,Spencer Johnson,274
706,Cash,Cory Dahl,297
707,Check,Soon Lemmon,971
708,Cards,Carol Chapman,829
709,GiftCards,James Smelley,144
710,Check,Frances Stike,994
711,Check,Shirley Juul,735
712,Check,Brian Carden,292
713,Check,Kevin Manzano,367
714,Cash,Leslie Friedman,671
715,Check,Debra Hendrix,594
716,Cards,Bessie Harris,85
717,Cash,Javier Leduc,936
718,Check,Barbara Medina,379
719,GiftCards,Jeanne Vandermark,355
720,Check,Karen Gaylord,416
721,Cards,Donna Byrd,412
722,Check,William Pettit,813
723,Check,Andrew Bernhardt,680
724,Cards,Emma Irish,527
725,GiftCards,Salvador Ayala,435
726,GiftCards,Bradley Hao,959
727,Check,Malcolm Sweet,541
728,Cash,Jennie Pimentel,60
729,Cash,Edna Lach,131
730,GiftCards,Charles Soriano,70
731,Cards,Roy Belcher,943
732,Check,Garret Buttry,404
733,Check,Hector Madden,156
734,GiftCards,Virginia Morrison,897
735,GiftCards,Brenda Hibner,476
736,Cards,Therese Cryderman,742
737,Check,Tina Tinson,99
738,Cash,Larry Lloyd,12
739,Cards,Margaret Knight,65
740,Check,Anthony Clark,171
741,GiftCards,Lara Baumer,850
742,Check,Michael Patel,477
743,Check,Adriana Rose,400
744,GiftCards,Kevin Foley,747
745,GiftCards,Louise Carr,215
746,Check,Roy Campbell,217
747,Check,Howard Ordonez,336
748,Cash,Tommy Tracy,275
749,Cash,Karen Huntsinger,750
750,Check,David Canady,2
751,Check,Linda Combs,147
752,Cards,Gary Kercheval,950
753,Cards,Timothy Shannon,280
754,Cash,George Taylor,14
755,GiftCards,John Dean,577
756,GiftCards,Marie Montague,904
757,Cash,Pamula Contreras,521
758,Check,Laurel Rodriquez,579
759,Check,Earle Maloney,998
760,Check,Maria Arnold,469
761,Check,Jeff Slaughter,968
762,Cards,Robert Skinner,28
763,Cash,Vicente Stewart,738
764,Cards,Mari Glass,158
765,GiftCards,Linda Hitt,185
766,Check,Michael Bickel,948
767,Cash,Ann Oreilly,433
768,GiftCards,Nick Elizondo,467
769,Check,Ginette Hankins,286
770,Check,Chester Thompson,553
771,GiftCards,Mary Guadagno,847
772,Check,Johanna Adams,631
773,GiftCards,Arthur Almaguer,408
774,Cash,Louis Chevrette,459
775,Cash,Griselda Oliver,658
776,Cards,Jonathan Schaus,955
777,GiftCards,George Porterfield,229
778,Check,Tara Sturkie,407
779,GiftCards,Perla Boykin,489
780,GiftCards,Todd Burch,859
781,Cards,Jeremy Hatch,864
782,Cards,Dorothy Morrison,695
783,Cards,Juan Schuette,789
784,Cards,Ollie Juliano,798
785,Check,Donnie Brown,239
786,Cash,Dennis Bienfang,795
787,GiftCards,Georgina Mcdonald,324
788,Check,Roger Ferber,580
789,GiftCards,Mary Cabrera,590
790,Check,Herlinda Pittman,222
791,Cards,Angela Brown,934
792,Cards,Leta Collins,253
793,Cards,Kathy Chapman,723
794,Cards,Loretta Newton,963
795,Cards,Lillian Bledsoe,141
796,Cards,Rosa Colen,976
797,GiftCards,Timothy Homes,319
798,GiftCards,Joyce Pigg,200
799,Check,Sarah Poulin,366
800,GiftCards,Roger Senato,540
801,GiftCards,Antoinette Partin,277
802,Cash,Darren Segal,928
803,Cards,Rita Brennan,329
804,GiftCards,Shelley Dalessandro,666
805,Check,Orville Rojas,534
806,Check,Michelle Johnson,30
807,Cards,Clifford Burchett,353
808,Cash,Miriam Robel,860
809,Check,Robert Delk,871
810,GiftCards,Janet Morgan,39
811,GiftCards,Cheryl Sellers,481
812,Cards,Wayne Holden,511
813,Check,David Creed,851
814,Cash,Brian Lee,153
815,GiftCards,Debra James,431
816,GiftCards,Bradley Dulaney,315
817,Cash,Ruth Carter,805
818,Cash,Lonnie Garcia,873
819,Check,Lisa Rickey,233
820,Cards,Tina Cassada,588
821,Cards,Douglas Mercado,401
822,Check,Nola Boddie,912
823,GiftCards,Sherill Smith,561
824,Check,Joseph Martin,656
825,Check,Catherine Sharp,888
826,Cards,Shannon Brown,965
827,Check,Sharon Leonard,415
828,Check,Katie Houston,373
829,Check,Regina Delosh,436
830,Check,Julie Tomita,110
831,GiftCards,Robert Rodriguez,812
832,Check,Linda Finnie,883
833,GiftCards,Thomas Davis,178
834,Cards,Cynthia Miller,25
835,Cash,Edward Baum,908
836,GiftCards,Ronald Williams,54
837,Cash,Lloyd Aguilar,794
838,Cash,Tracey Hok,470
839,Cash,Orville Larson,935
840,Cash,Charlene Spady,377
841,GiftCards,Leon Mcginnis,473
842,Cash,Anita Chang,1
843,Cards,Ellen Creighton,704
844,Cash,Meagan Whitten,598
845,Cards,Erica Money,559
846,GiftCards,Mark Schlick,624
847,Check,Maria Fleming,209
848,Cards,Stuart Cuffie,76
849,GiftCards,Imelda Rodriguez,923
850,GiftCards,Karen Searcy,183
851,Cards,Max Donaldson,801
852,GiftCards,Melissa Mingo,339
853,Check,Carol Hawkins,364
854,GiftCards,Amy Benning,443
855,GiftCards,Stephanie Pergola,869
856,Check,Dorothy Bernstein,57
857,GiftCards,Samantha Archambault,59
858,Cards,Lori Bowen,247
859,Cash,Angie Stewart,651
860,Cards,Gary Bess,949
861,GiftCards,Gloria Urey,484
862,GiftCards,Joseph Shepherd,368
863,Check,Robert Tackett,204
864,Cash,Darren Norton,225
865,Cards,Sarah Nairn,384
866,GiftCards,Danielle Christenson,547
867,Cards,Robert Washington,932
868,Cash,Kelvin Clary,498
869,Cash,Jason Thompson,608
870,Cards,Cathy Cooper,73
871,GiftCards,Dan Becker,10
872,GiftCards,Deloris Hall,182
873,Check,Veronica Elem,44
874,Cards,Patricia Burnette,940
875,GiftCards,Mark Wheeler,424
876,Check,Steven Habicht,516
877,Cards,Anne Drennan,393
878,Check,Joyce Thompson,91
879,Cards,Karina Simon,657
880,GiftCards,Billie Sanders,161
881,Cash,David Davis,593
882,Check,Jennine Michaels,874
883,Check,Sandra Banks,825
884,Cards,Cynthia Cornelius,187
885,Cards,Wanda Martinez,190
886,Check,Sandra Michaelis,821
887,Cards,Jennifer Rayner,679
888,Cards,Yvonne Boone,346
889,Cash,Diane Khatri,876
890,GiftCards,Barbara Watkins,148
891,Cash,Helen Mullins,172
892,Cash,Diane Francisco,708
893,Check,Lindsay Mann,752
894,Cash,Mary Lemmons,887
895,GiftCards,Hazel Weber,450
896,Check,Michael Estevez,464
897,Cards,Frank Ward,288
898,Check,Carolyn Wiersma,132
899,Cash,Larry Klein,107
900,Cash,Linda Mcdowell,11
901,Check,Roy Nash,512
902,GiftCards,Miriam Gore,369
903,Cash,Richard Hocking,195
904,GiftCards,Derek Doyle,816
905,Cash,James Tagle,785
906,Cards,Joyce Canup,332
907,Check,Michael Clemans,37
908,Cash,Maria Gomez,683
909,Check,Larry Smith,154
910,Check,Charles Holmes,991
911,Cash,Juan Pelzer,494
912,Check,Shirley Sundt,702
913,GiftCards,Robert Stephens,552
914,Cash,Charlie Nichols,719
915,GiftCards,Tracy Darnstaedt,207
916,Cash,Amelia Jude,922
917,Cash,Margaret Laboy,29
918,Cash,Bennie Bellefeuille,490
919,Cards,David Pritchard,350
920,Check,Alfredo Metheny,506
921,Cards,Danae Dain,140
922,GiftCards,Terrance Pacheco,162
923,Check,Warren Mills,138
924,Cash,Candelaria Fisher,589
925,GiftCards,Karla Barnard,700
926,Check,Jimmy Buggs,341
927,Cash,Francisco Ragan,686
928,Cash,Victor Weeks,833
929,Check,Charles Mercer,508
930,Cards,Anthony Dawson,621
931,Check,Irene Trappey,167
932,GiftCards,Miriam Barrow,58
933,Cash,James Pinter,827
934,Cards,Marsha Obiesie,287
935,Check,Brenda Truesdale,872
936,GiftCards,Linda Garner,499
937,Cards,Antony Byrd,155
938,Cards,Ronald Gleason,478
939,Cash,Aaron Miller,793
940,GiftCards,Guadalupe Allen,543
941,GiftCards,Jack Hull,389
942,Check,Emmett Swasey,960
943,GiftCards,Katie Paul,678
944,Cards,Barbara Johnson,17
945,Cash,Particia Aguillon,285
946,Cash,Joshua Gordon,300
947,Check,Matthew Ridgeway,714
948,GiftCards,Charlie Russell,442
949,Check,Kevin Steen,918
950,GiftCards,Terra Brooks,845
951,Cards,Belinda Thomas,542
952,Cash,Barbara Powers,862
953,GiftCards,Matthew Cloyd,236
954,Check,Susan Alexandra,901
955,Cards,Margaret Nixon,909
956,GiftCards,Amanda Fournier,244
957,GiftCards,Joan Scott,865
958,Cards,Russell Hernandez,711
959,GiftCards,Michael Edwards,564
960,Cash,Mary Harris,549
961,GiftCards,Larry Begor,886
962,Cash,Craig Lainhart,996
963,Cards,Amanda Gerber,251
964,GiftCards,Marie Shumate,307
965,Cash,Russell Marcum,257
966,GiftCards,Brandie Coffman,926
967,GiftCards,Grover Sim,696
968,Cash,Patricia Kahle,31
969,Check,Steve Richard,510
970,Cards,Matthew Lopez,482
971,Cash,Barbara Thompson,728
972,Cash,Jeffry Yong,409
973,GiftCards,John Vandekieft,397
974,Check,Matthew Howard,995
975,Cards,Randall Conger,96
976,Cards,Esteban Kilpatrick,235
977,Check,Donald Willie,438
978,GiftCards,Brian Kim,333
979,Check,Maxine Hunter,660
980,Cash,Juliana Boock,784
981,GiftCards,Willie Travis,5
982,Check,Julie Miller,895
983,Cards,Brian Rosiles,337
984,GiftCards,Amy Quintana,322
985,Cash,Frances Colella,310
986,Cards,Karen Williams,984
987,Cards,Maria Burwell,910
988,GiftCards,Betsy Rivera,744
989,Check,Randal Tweedy,690
990,Check,Daniel Berg,103
991,Check,Jason George,503
992,Check,Charles Kitchin,293
993,GiftCards,Helen Charles,685
994,Cash,Guadalupe Mario,421
995,Check,Neal Johnson,53
996,Check,Nellie Bouton,792
997,GiftCards,Timothy Quist,803
998,Cards,Joseph Sapp,730
999,Check,Donald Richardson,104
1000,Cards,Bobby Delgado,667
